-- phpMyAdmin SQL Dump
-- version 5.2.0
-- https://www.phpmyadmin.net/
--
-- Host: 127.0.0.1
-- Generation Time: Nov 17, 2022 at 02:38 AM
-- Server version: 10.4.24-MariaDB
-- PHP Version: 8.1.6

SET SQL_MODE = "NO_AUTO_VALUE_ON_ZERO";
START TRANSACTION;
SET time_zone = "+00:00";


/*!40101 SET @OLD_CHARACTER_SET_CLIENT=@@CHARACTER_SET_CLIENT */;
/*!40101 SET @OLD_CHARACTER_SET_RESULTS=@@CHARACTER_SET_RESULTS */;
/*!40101 SET @OLD_COLLATION_CONNECTION=@@COLLATION_CONNECTION */;
/*!40101 SET NAMES utf8mb4 */;

--
-- Database: `skvl`
--

-- --------------------------------------------------------

--
-- Table structure for table `danhmuc`
--

CREATE TABLE `danhmuc` (
  `id` int(11) NOT NULL,
  `name` varchar(20) NOT NULL
) ENGINE=InnoDB DEFAULT CHARSET=utf8mb4;

--
-- Dumping data for table `danhmuc`
--

INSERT INTO `danhmuc` (`id`, `name`) VALUES
(8, 'Tin tức'),
(9, 'Tin nổi bật'),
(10, 'Tin tuyển dụng'),
(11, 'Đơn vị đồng hành');

-- --------------------------------------------------------

--
-- Table structure for table `gianhang`
--

CREATE TABLE `gianhang` (
  `id` int(11) NOT NULL,
  `name` varchar(255) NOT NULL
) ENGINE=InnoDB DEFAULT CHARSET=utf8mb4;

--
-- Dumping data for table `gianhang`
--

INSERT INTO `gianhang` (`id`, `name`) VALUES
(1, 'Gian hàng số 1'),
(2, 'Gian hàng số 2'),
(3, 'Gian hàng số 3'),
(4, 'Gian hàng số 4');

-- --------------------------------------------------------

--
-- Table structure for table `khoa`
--

CREATE TABLE `khoa` (
  `id` int(11) NOT NULL,
  `name` varchar(255) NOT NULL
) ENGINE=InnoDB DEFAULT CHARSET=utf8mb4;

--
-- Dumping data for table `khoa`
--

INSERT INTO `khoa` (`id`, `name`) VALUES
(1, ' CNTT&TT'),
(2, 'Kinh Te');

-- --------------------------------------------------------

--
-- Table structure for table `slideshow`
--

CREATE TABLE `slideshow` (
  `id` int(11) NOT NULL,
  `name` varchar(255) NOT NULL,
  `hinh` varchar(255) NOT NULL,
  `detail` varchar(255) NOT NULL,
  `mota` varchar(255) NOT NULL
) ENGINE=InnoDB DEFAULT CHARSET=utf8mb4;

--
-- Dumping data for table `slideshow`
--

INSERT INTO `slideshow` (`id`, `name`, `hinh`, `detail`, `mota`) VALUES
(14, '', 'maxresdefault.jpg', '', ''),
(16, 'Thư ngỏ', 'thu ngo doanh nghiep 31.jpg', '', ''),
(20, 'Sơ đồ gian hàng', 'SO DO MAT BANG 2-01.png', '', 'Sơ đồ bố trí gian hàng'),
(21, 'Hoạt động trong ngày hội', 'Bia_Profile_NHVL-13.png', '', '');

-- --------------------------------------------------------

--
-- Table structure for table `tbl_baiviet`
--

CREATE TABLE `tbl_baiviet` (
  `id` int(11) NOT NULL,
  `name` varchar(255) NOT NULL,
  `img` varchar(255) NOT NULL,
  `mota` varchar(255) NOT NULL,
  `iddm` int(255) DEFAULT NULL,
  `detail` longblob NOT NULL,
  `ngaydang` varchar(11) NOT NULL
) ENGINE=InnoDB DEFAULT CHARSET=utf8mb4;

--
-- Dumping data for table `tbl_baiviet`
--

INSERT INTO `tbl_baiviet` (`id`, `name`, `img`, `mota`, `iddm`, `detail`, `ngaydang`) VALUES
(28, 'CÔNG TY TNHH CÔNG NGHỆ VIHAT', 'CÔNG TY TNHH CÔNG NGHỆ VIHAT.png', 'Lương tháng 13 ; Được thưởng nóng nếu đạt KPI theo yêu cầu công việc; Du lịch sang chảnh hàng', 10, 0x205468616d206769612078c3a2792064e1bbb16e67206be1babf20686fe1baa16368206d61726b6574696e672063e1bba7612063c3b46e672074790d0a2d205468e1bbb163206869e1bb876e2063c3a16320686fe1baa17420c491e1bb996e67206d61726b6574696e672063c3a1632064e1bbb120c3a16e207175e1baa36e672062c3a12076c3a02073e1bbb1206b69e1bb876e20286f6e6c696e652076c3a0206f66666c696e65290d0a2d2058c3a2792064e1bbb16e672074c3a069206c69e1bb8775207469e1babf70207468e1bb8b2c20746869e1babf74206be1babf206ee1bb99692064756e672063686f2063c3a16320686fe1baa17420c491e1bb996e67204d61726b6574696e672c205052206e68e1bab16d207068c3a17420747269e1bb836e206de1baa16e67206cc6b0e1bb9b69206b68c3a163682068c3a06e672e0d0a2d205468616d20676961207175e1baa36e206cc3bd2063c3a163206bc3aa6e682074727579e1bb816e207468c3b46e67206f6e6c696e65207472c3aa6e206de1baa16e672078c3a32068e1bb99692e0d0a2d205175e1baa36e206cc3bd2046616e706167652076c3a020776562736974652063e1bba761207472756e672074c3a26d0d0a2d205669e1babf742062c3a069207175e1baa36e672063c3a16f20286368e1bba72079e1babf752064e1baa16e6720636f6e74656e742068c3ac6e6820e1baa36e682076c3a020766964656f29207472c3aa6e2063c3a163206bc3aa6e68204d61726b6574696e67204f6e6c696e65206e68c6b02046616365626f6f6b2c20596f75747562652c2e2e2e0d0a2d204269e1babf742071756179206368e1bba5702063c6a12062e1baa36e2062e1bab16e6720c49169e1bb876e2074686fe1baa1690d0a2d205468e1bbb163206869e1bb876e2063c3a1632063c3b46e67207669e1bb87632079c3aa752063e1baa7752063e1bba761207472c6b0e1bb9f6e67207068c3b26e672e0d0a0d0a2d204de1bb9b69207261207472c6b0e1bb9d6e6720c491e1babf6e2064c6b0e1bb9b69203032206ec4836d206b696e68206e676869e1bb876d20e1bb9f2076e1bb8b207472c3ad2074c6b0c6a16e6720c491c6b0c6a16e672e0d0a0d0a2d204de1baa16e682076e1bb81207068c3a26e2074c3ad63682c2062c3a16f2063c3a16f2073e1bb91206c69e1bb8775206cc3a0206ce1bba369207468e1babf2e0d0a0d0a2d204b68e1baa3206ec4836e6720c491e1bb8d63206869e1bb83752076c3a0206769616f207469e1babf70207469e1babf6e6720416e68206b68c3a1207472e1bb9f206cc3aa6e2e0d0a0d0a2d2043c3b3206b696e68206e676869e1bb876d207468616d206769612074e1bb95206368e1bba9632063c3a16320686fe1baa17420c491e1bb996e6720c4906fc3a06e20e280932048e1bb99692c20434c422c2e2e2e0d0a0d0a2d204269e1babf742073e1bbad2064e1bba56e672043616e766120686fe1bab7632063c3a163207068e1baa76e206de1bb816d206368e1bb896e682073e1bbad612068c3ac6e6820e1baa36e682c20766964656f206b68c3a1632e0d0a0d0a2d204769616f207469e1babf702074e1bb91742c207468c3a16920c491e1bb992074c3ad63682063e1bbb1632c207468c3ad6368206cc3a06d207669e1bb87632074726f6e67206dc3b469207472c6b0e1bb9d6e67207472e1babb207472756e672c206ec4836e6720c491e1bb996e672c2073e1bab56e2073c3a06e67206e68e1baad6e207468e1bbad207468c3a163682c2068e1bb8d632068e1bb8f69206e68616e682e0d0a0d0a2d2043c3b3207472c3a16368206e6869e1bb876d2c206368e1bb8b7520c491c6b0e1bba36320c3a170206ce1bbb1632063616f2e, '15/11/2022'),
(30, 'CTY TNHH THỰC PHẨM', 'GIẢI PHÁP VÀ CÔNG NGHỆ.png', '	Kỹ sư địa chất :02 người', 10, 0x56e1baad6e2068c3a06e6820746869e1babf742062e1bb8b2078e1bbad206cc3bd206ec6b0e1bb9b63207468e1baa369207468656f20c491c3ba6e6720717579207472c3ac6e682076e1baad6e2068c3a06e6820636875e1baa96e2c20c491e1baa36d2062e1baa36f2063c3a163207468c3b46e672073e1bb912063e1bba761207175c3a1207472c3ac6e682078e1bbad206cc3bd206ec6b0e1bb9b6320c491c6b0e1bba363206b69e1bb836d20736fc3a1742e0d0a4368e1bba720c491e1bb996e67207468e1bbb163206869e1bb876e2063c3a1632063c3b46e672074c3a163207468c3ad206e676869e1bb876d2c207068c3a26e2074c3ad6368206e68e1bab16d206b69e1bb836d20736fc3a1742074e1bb9174207175c3a1207472c3ac6e682078e1bbad206cc3bd206ec6b0e1bb9b632e0d0a506861206368e1babf2c2078e1bbad2064e1bba56e672068c3b361206368e1baa574207468656f20c491c3ba6e6720c491e1bb8b6e68206de1bba9632079c3aa752063e1baa7752e2054c3ac6d206869e1bb83752076c3a02078e1bbad206cc3bd2063c3a1632073e1bbb12063e1bb912064e1baab6e20c491e1babf6e206cc6b0e1bba36e672068c3b361206368e1baa5742074c4836e6720c491e1bb9974206269e1babf6e2e0d0a5468e1bbb163206869e1bb876e2076c3a02068e1bb95207472e1bba3206e68c3b36d20504d2063c3a1632063c3b46e672074c3a1632062e1baa36f207472c3ac2064e1bbb1207068c3b26e6720504d207468656f2064616e682073c3a163682c2073e1bbad61206368e1bbaf6120746869e1babf742062e1bb8b2074e1baa169206b68752076e1bbb1632078e1bbad206cc3bd206ec6b0e1bb9b63207468e1baa3692e0d0a5468e1bbb163206869e1bb876e206b69e1bb836d2074726120746869e1babf742062e1bb8b207468656f2064616e68206de1bba5632063c3b46e67207669e1bb87632028636865636b6c697374292074e1baa169206b68752076e1bbb1632078e1bbad206cc3bd206ec6b0e1bb9b63207468e1baa3692068c3a06e67206e67c3a0792076c3a0206e68e1bab16d207068c3a174206869e1bb876e206be1bb8b70207468e1bb9d692063c3a1632068c6b02068e1bb8f6e67207469e1bb816d20e1baa96e2e0d0ac490e1bb81207875e1baa5742063c3a1632076e1baad742074c6b02d207068e1bba52074c3b96e672064e1bbb1207068c3b26e67206be1bb8b70207468e1bb9d692074686179207468e1babf2063686f2063c3a16320746869e1babf742062e1bb8b2078e1bbad206cc3bd206ec6b0e1bb9b63207468e1baa3692e0d0ac490e1bb81207875e1baa5742063c3a163206269e1bb876e207068c3a1702063e1baa369207469e1babf6e206be1bbb920746875e1baad74206e68e1bab16d206ec3a26e672063616f206869e1bb8775207875e1baa5742078e1bbad206cc3bd2063e1bba7612068e1bb87207468e1bb916e672c206869e1bb8775207175e1baa32073e1bbad2064e1bba56e6720746869e1babf742062e1bb8b2063c5a96e67206e68c6b0207469e1babf74206b69e1bb876d20636869207068c3ad2073e1bbad2064e1bba56e672068c3b361206368e1baa5742074726f6e67207175c3a1207472c3ac6e682076e1baad6e2068c3a06e682068e1bb87207468e1bb916e672078e1bbad206cc3bd206ec6b0e1bb9b63207468e1baa3690d0a476869206368c3a97020c491e1baa77920c491e1bba72c206368c3ad6e682078c3a1632c20c491c3ba6e672074e1baa76e207375e1baa5742063c3a163207468c3b46e672073e1bb912063e1bba761207175c3a1207472c3ac6e682078e1bbad206cc3bd206ec6b0e1bb9b632076c3a0206768692076c3a06f2063c3a163206269e1bb8375206de1baab752062c3a16f2063c3a16f2e0d0a42c3a16f2063c3a16f206e6761792063c3a1632073e1bbb12063e1bb91207068c3a1742073696e682074726f6e672063612063686f2063e1baa570207472c3aa6e207472e1bbb163207469e1babf702e0d0a5468e1bbb163206869e1bb876e206769616f206e68e1baad6e2063612063e1bba5207468e1bb832c20636869207469e1babf742e0d0a4769c3a16d2073c3a174207669e1bb8763207475c3a26e207468e1bba72063c3a163206ee1bb9969207175792c2071757920c491e1bb8b6e682063e1bba761206e68c3a26e207669c3aa6e206e68c3a0207468e1baa7752c206e68c3a26e207669c3aa6e207068e1bba5207472e1bba32062c3aa6e206e676fc3a0692028337264207061727479292074726f6e67206b68752076e1bbb1632078e1bbad206cc3bd206ec6b0e1bb9b63207468e1baa3690d0a59c38a552043e1baa6552043c3944e47205649e1bb86430d0a54e1bb9174206e676869e1bb8770207472756e672063e1baa570206be1bbb920746875e1baad74206dc3b469207472c6b0e1bb9d6e67207472e1bb9f206cc3aa6e2e0d0a4be1bbb9206ec4836e672076692074c3ad6e682063c6a12062e1baa36e2028576f72642c20457863656c290d0a4be1bbb9206ec4836e67206769e1baa36920717579e1babf742076e1baa56e20c491e1bb810d0ac6af75207469c3aa6e206269e1babf742076e1bb8120474d502c2048414343502c2049534f31343030312076c3a02049534f203435303031, '15/11/2022'),
(31, 'CTY TNHH KIM LONG VIET NAM', 'CÔNG TY TNHH SMC MANUFACTURING VIỆT NAM .png', 'Nhân Viên Content (Web / Social)', 10, 0x205669e1babf7420636f6e74656e742063686f2063c3a163206ee1bb816e2074e1baa36e672066616e706761652c20576562736974652ce280a6200d0a0d0a2d205669e1babf742062c3a0692053454f2c2063c3a1632064e1baa16e672062c3a0692050522062c3a16f206368c3ad2c2074727579e1bb816e207468c3b46e672e200d0a0d0a2d205669e1babf742076c3a0206269c3aa6e2074e1baad70206be1bb8b63682062e1baa36e20766964656f3b200d0a0d0a2d205068e1bb91692068e1bba3702076e1bb9b69207068c3b26e672076c3a02063e1baa570207175e1baa36e206cc3bd2078c3a2792064e1bbb16e67206ee1bb99692064756e672076c3a020747269e1bb836e206b6861692063c3a16320636869e1babf6e2064e1bb8b63682074727579e1bb816e207468c3b46e672c206d61726b6574696e67207468656f2074e1bbab6e67206769616920c4916fe1baa16e2063e1bba5207468e1bb832e200d0a0d0a2d205068e1bb91692068e1bba3702076e1bb9b6920746869e1babf74206be1babf2c2070686f746f67726170686572206cc3aa6e20c3bd2074c6b0e1bb9f6e672068c3ac6e6820e1baa36e68207068c3b92068e1bba3702076e1bb9b692062c3a06920436f6e74656e743b200d0a0d0a2d20c490e1bb81207875e1baa5742c207468e1bbb163206869e1bb876e2063c3a1632063c3b46e67207669e1bb8763206e68e1bab16d206769612074c4836e67206368e1baa574206cc6b0e1bba36e672074696e2062c3a0692c2074c4836e672074c6b0c6a16e672074c3a163206cc6b0e1bba374207468656f2064c3b56920747275792063e1baad702046616365626f6f6b2c20576562736974652ce280a6, '15/11/2022'),
(32, ' Hơn 10.000 ứng viên tham gia ngày hội việc làm', '89-tincd-them-1474471682197.jpg', '“Ngày hội kết nối doanh nghiệp và giới thiệu việc làm Cao Thắng 2016” do Trường Cao đẳng Kỹ thuật Cao Thắng tổ chức sẽ diễn ra vào ngày 21-10.', 8, 0x4e67c3a0792068e1bb9969207175792074e1bba52068c6a16e2031302e30303020e1bba96e67207669c3aa6e2c2062616f2067e1bb936d2068c6a16e20352e3030302073696e68207669c3aa6e20c491c3a32076c3a02073e1baaf702074e1bb9174206e676869e1bb87702063e1bba761207472c6b0e1bb9d6e672063c3b96e672073696e68207669c3aa6e2063c3a163207472c6b0e1bb9d6e67207472756e672063e1baa5702c2063616f20c491e1bab36e672c20c491e1baa1692068e1bb8d63207472c3aa6e20c491e1bb8b612062c3a06e2054502048434d2e20c490c3a279206cc3a02064e1bb8b7020c491e1bb832063c3a16320646f616e68206e676869e1bb87702074c3ac6d206b69e1babf6d206c616f20c491e1bb996e67206be1bbb920746875e1baad74206368e1baa574206cc6b0e1bba36e672063616f20746875e1bb99632063c3a163206e67c3a06e68206e6768e1bb813a2063c6a1206b68c3ad2c206be1bbb920746875e1baad7420c49169e1bb876e202d20c49169e1bb876e2074e1bbad2c206be1bbb920746875e1baad7420c3b42074c3b42c2063c3b46e67206e6768e1bb87207468c3b46e672074696e2c2063c6a120c49169e1bb876e206ce1baa16e682c2063c6a120c49169e1bb876e2074e1bbad2c2063c3b46e67206e6768e1bb872074e1bbb120c491e1bb996e672c206be1bbb920746875e1baad7420c49169e1bb876e2074e1bbad2074727579e1bb816e207468c3b46e672c206e6775e1bb99692073e1bbad61206368e1bbaf612c2068c3a06e2c207175e1baa36e207472e1bb8b206de1baa16e67206dc3a1792074c3ad6e682c2073e1bbad61206368e1bbaf612c206ce1baaf702072c3a170206dc3a1792074c3ad6e682e2e2e2044e1bbb1206b69e1babf6e2063c3b3206b686fe1baa36e67203430206769616e2068c3a06e672063e1bba7612063c3a16320646f616e68206e676869e1bb8770207468616d206769612e0d0a43c3a16320646f616e68206e676869e1bb87702063c3b3206e68752063e1baa775207468616d2067696120c491c4836e67206bc3bd2074e1baa169205068c3b26e672043c3b46e672074c3a163206368c3ad6e68207472e1bb8b2068e1bb8d632073696e68202d2073696e68207669c3aa6e205472c6b0e1bb9d6e672043616f20c491e1bab36e67204be1bbb920746875e1baad742043616f205468e1baaf6e672c2073e1bb91203635204875e1bbb36e68205468c3ba63204b68c3a16e672c207175e1baad6e20312c2054502048434d2e20c490543a2028303829203338323120323336302028313229202d20333832312034363336202d20303931332037353120343635202867e1bab770207468e1baa7792053c4a9292c206661783a2028303829203338323120353935313b20656d61696c3a20736963616f7468616e6740676d61696c2e636f6d3b207777772e63616f7468616e672e6564752e766e20686fe1bab763207777772e637463742e63616f7468616e672e6564752e766e2e, '15/11/2022'),
(33, 'Ngày hội việc làm Đài Loan (Trung Quốc) tại TP HCM', '7-nhuynh-1663761031169355143086.jpg', 'Chi hội Thương mại Đài Loan (Trung Quốc) tại TP HCM, Đồng Nai sẽ phối hợp với Khoa Trung Quốc học, Trường ĐH Công nghệ TP HCM (HUTECH) tổ chức Ngày hội Việc làm doanh nghiệp (DN) Đài Loan (Trung Quốc) 2022 vào ngày 15-10.', 8, 0x56e1bb9b692067e1baa76e20332e3030302064e1bbb120c3a16e20c491e1baa7752074c6b02076c3a02068e1bba3702074c3a163207068c3a17420747269e1bb836e2074e1baa169205669e1bb8774204e616d2c206e68752063e1baa775206e68c3a26e206ce1bbb1632063e1bba7612063c3a16320444e20c490c3a069204c6f616e20285472756e67205175e1bb91632920e1bb9f205669e1bb8774204e616d206cc3a02072e1baa574206ce1bb9b6e2c206de1bb9f207261206c6fe1baa1742063c6a12068e1bb9969206e6768e1bb81206e676869e1bb87702063686f2073696e68207669c3aa6e206e68c3b36d206e67c3a06e68206e67c3b46e206e67e1bbaf205472756e67205175e1bb91632063e1bba761204855544543482e0d0a0d0a4e67c3a0792068e1bb99692064e1bbb1206b69e1babf6e207175792074e1bba52068c6a16e20333020444e207468616d2067696120747579e1bb836e2064e1bba56e672c2076e1bb9b69206cc4a96e682076e1bbb163206e67c3a06e68206e6768e1bb8120c491612064e1baa16e67206e68c6b0206269c3aa6e202d20706869c3aa6e2064e1bb8b6368207469e1babf6e6720486f612c206769616f2064e1bb8b6368207669c3aa6e2c2068c6b0e1bb9b6e672064e1baab6e207669c3aa6e206475206ce1bb8b63682c2068c3a06e68206368c3ad6e68202d2076c4836e207068c3b26e672c206e68c3a26e2073e1bbb12c2074727579e1bb816e207468c3b46e67202d206d61726b6574696e672c20c491e1bb9169206e676fe1baa1692c20c491e1baa169206469e1bb876e206e676869e1bb87702076e1bba52e2e2e2074e1baa1692063c3a16320444e2063c3b46e67206e6768e1bb87207468c3b46e672074696e2c207669e1bb856e207468c3b46e672c206c696e68207068e1bba5206b69e1bb876e20c3b474c3b42c20c49169e1bb876e2063c6a12c20c49169e1bb876e2074e1bbad2c20746869e1babf742062e1bb8b20792074e1babf2c20e1bba96e672064e1bba56e672063c3b46e67206e6768e1bb872073696e682068e1bb8d632c207468e1bbb163207068e1baa96d2c2064e1bb8b63682076e1bba5e280a6, '15/11/2022'),
(34, '150 doanh nghiệp tham gia tuyển dụng tại “Tuần lễ Việc làm DTU 2022”', 'img9714-1655870551067285806196.jpg', ' Diễn ra từ ngày 22 đến hết ngày 26-6, “Tuần lễ Việc làm DTU 2022” sẽ có sự tham gia của 150 doanh nghiệp cùng hơn 2500 vị trí tuyển dụng.', 8, 0x4e67c3a0792032322d362c205472c6b0e1bb9d6e6720c490e1baa1692068e1bb8d63204475792054c3a26e2074e1bb95206368e1bba963206ce1bb85204be1bbb7206e69e1bb876d203135206ec4836d204368c6b0c6a16e67207472c3ac6e6820224e67c3a0792068e1bb9969207669e1bb8763206cc3a06d222076c3a0206b686169206de1baa16320225475e1baa76e206ce1bb85205669e1bb8763206cc3a06d204454552032303232222e0d0a0d0a5468656f2054532e204e677579e1bb856e2048e1bbaf75205068c3ba2c205068c3b3204869e1bb8775207472c6b0e1bb9f6e6720c490e1baa1692068e1bb8d63204475792054c3a26e2c2073e1bbb12068e1bba3702074c3a163206769e1bbaf61207472c6b0e1bb9d6e6720c491e1baa1692068e1bb8d632076c3a020646f616e68206e676869e1bb8770206c75c3b46e206cc3a0206769e1baa369207068c3a170206869e1bb8775207175e1baa320c491e1bb83206ec3a26e672063616f206368e1baa574206cc6b0e1bba36e6720c491c3a06f2074e1baa16f2c206e676869c3aa6e2063e1bba975206b686f612068e1bb8d632076c3a02063687579e1bb836e206769616f2063c3b46e67206e6768e1bb872e204769c3a16f2064e1bba56320c491c3a06f2074e1baa16f206e67c3a0792063c3a06e6720c491c3b36e67206de1bb997420766169207472c3b22076c3a0206e6869e1bb876d2076e1bba5207175616e207472e1bb8d6e672074726f6e67207669e1bb876320c491c3a06f2074e1baa16f206e6775e1bb936e206e68c3a26e206ce1bbb1632c20c491c3a17020e1bba96e672079c3aa752063e1baa775207068c3a17420747269e1bb836e206b696e682074e1babf202d2078c3a32068e1bb99692e0d0a56e1bb9b69206de1bba56320c491c3ad63682074e1baa16f206de1bb9169207175616e2068e1bb872062e1bb816e2076e1bbaf6e67206769e1bbaf61206e68c3a0207472c6b0e1bb9d6e67202d20646f616e68206e676869e1bb87702074726f6e67207669e1bb8763206ec3a26e672063616f206368e1baa574206cc6b0e1bba36e6720c491c3a06f2074e1baa16f2c20c491c3a06f2074e1baa16f20c491c3ba6e672079c3aa752063e1baa7752063e1bba761207468e1bb8b207472c6b0e1bb9d6e67206c616f20c491e1bb996e672076c3a02074e1baa16f2063c6a12068e1bb9969207669e1bb8763206cc3a06d2063686f2073696e68207669c3aa6e2c2074e1bbab206ec4836d20323030362c205472c6b0e1bb9d6e6720c490e1baa1692068e1bb8d63204475792054c3a26e20c491c3a3207068e1bb91692068e1bba3702076e1bb9b692042c3a16f204e67c6b0e1bb9d69204c616f20c491e1bb996e672074e1bb95206368e1bba963204368c6b0c6a16e67207472c3ac6e68204e67c3a0792068e1bb9969207669e1bb8763206cc3a06d2e0d0a0d0a517561203135206ce1baa76e2074e1bb95206368e1bba9632c204368c6b0c6a16e67207472c3ac6e68204e67c3a0792068e1bb9969207669e1bb8763206cc3a06d20c491c3a3207468752068c3ba742068c6a16e20383530206cc6b0e1bba37420c491c6a16e2076e1bb8b2c20646f616e68206e676869e1bb87702074726f6e672076c3a0206e676fc3a06920545020c490c3a0204ee1bab56e67207468616d2067696120747579e1bb836e2064e1bba56e672068c6a16e2032322e3030302076e1bb8b207472c3ad3b207469e1babf70206e68e1baad6e2068c6a16e2032332e3530302068e1bb932073c6a120c491c4836e67206bc3bd2074c3ac6d207669e1bb87632063e1bba7612073696e68207669c3aa6e2e2048e1bab16e67206ec4836d2c207468c3b46e6720717561204e67c3a0792068e1bb9969205669e1bb8763206cc3a06d2c205472c6b0e1bb9d6e6720c490e1baa1692068e1bb8d63204475792054c3a26e20c491c3a32067c3b370207068e1baa76e2063756e6720e1bba96e672074e1bbab20332e30303020c491e1babf6e20352e3030302068e1bb932073c6a1206e68c3a26e2073e1bbb12063686f2063c3a163206e68c3a020747579e1bb836e2064e1bba56e672e0d0a0d0a0d0a, '15/11/2022'),
(35, 'Lương khởi điểm cho sinh viên mới tốt nghiệp tứ 10-15 triệu đồng/tháng', 'vcb-16536230082491684000147.jpeg', ' Lần thứ 10 tổ chức ngày hội việc làm, các doanh nghiệp mang đến hơn 1.000 cơ hội việc làm cho sinh viên tham gia tuyển dụng', 8, 0x4e67c3a0792032372d352c205472c6b0e1bb9d6e6720c49048205175e1bb91632074e1babf2028c4904851472054502048434d292074e1bb95206368e1bba963206e67c3a0792068e1bb9969207669e1bb8763206cc3a06d206ec4836d20323032322076e1bb9b692073e1bbb1207468616d2064e1bbb12063e1bba7612068c6a16e20332e303030206cc6b0e1bba3742073696e68207669c3aa6e2063c3b96e6720c491e1baa169206469e1bb876e20747579e1bb836e2064e1bba56e672063e1bba76120363420646f616e68206e676869e1bb87702074726f6e672076c3a0206e676fc3a069206ec6b0e1bb9b632e204ce1baa76e207468e1bba92031302074e1bb95206368e1bba9632c2063c3a16320646f616e68206e676869e1bb8770206d616e6720c491e1babf6e2068c6a16e20312e3030302063c6a12068e1bb9969207669e1bb8763206cc3a06d2063686f206e67c6b0e1bb9d69207468616d2067696120747579e1bb836e2064e1bba56e672e0d0a0d0a5068c3a174206269e1bb83752074e1baa169206e67c3a0792068e1bb9969207669e1bb8763206cc3a06d2c205453205472e1baa76e205469e1babf6e204b686f612c204869e1bb8775207472c6b0e1bb9f6e67205472c6b0e1bb9d6e6720c49048205175e1bb91632074e1babf2c2063686f206269e1babf7420c491c3a279206cc3a0206de1bb99742074726f6e67206e68e1bbaf6e6720686fe1baa17420c491e1bb996e67207468c6b0e1bb9d6e6720787579c3aa6e206e68e1bab16d207468c6b0cca363206869c3aacca36e2063c3a163206de1bba563207469c3aa752c20636875cc89207472c6b0c6a16e6720636869e1babf6e206cc6b0e1bba363206375cc8961207472c6b0e1bb9d6e672074726f6e6720c491e1bb8b6e682068c6b0e1bb9b6e67206e6768e1bb81206e676869e1bb87702c206ec3a26e672063616f206ec4836e67206ce1bbb1632c206769e1bb9b6920746869e1bb8775207669c3aacca363206cc3a06d2063686f2073696e68207669c3aa6e2c2067e1baaf6e206be1babf74206769e1bbaf61206e68c3a0207472c6b0e1bb9d6e672076e1bb9b6920646f616e68206e676869c3aacca370207468656f207068c6b0c6a16e67206368c3a26d2068e1bb97207472e1bba3206e6861752063c3b96e67207068c3a17420747269e1bb836e2e20c490c3a2792063c5a96e67206cc3a02064e1bb8b7020c491e1bb832073696e68207669c3aa6e2074c3ac6d206869e1bb83752076e1bb81207468e1bb8b207472c6b0e1bb9d6e67206c616f20c491e1bb996e6720717561207669e1bb8763206cc483cc816e67206e6768652c207469e1babf702078c3ba632076c3a02074c3ac6d206869e1bb83752073c3a2752068c6a16e206e68e1bbaf6e67206e68752063e1baa7752063e1bba7612063c3a163206e68c3a020747579e1bb836e2064e1bba56e672c2074e1bbab20c491c3b320c491e1bb8b6e682068c6b0e1bb9b6e672063686f2062e1baa36e207468c3a26e2076e1bb8120636f6e20c491c6b0e1bb9d6e67206e6768e1bb81206e676869e1bb87702074726f6e672074c6b0c6a16e67206c61692e, '15/11/2022'),
(36, 'Sôi nổi ngày hội CNVC-LĐ', '6-3-7d24f.jpg', 'Trong ngày khai mạc “Tháng CN”, LĐLĐ TP HCM đã tổ chức “Ngày hội CNVC-LĐ” với nhiều hoạt động ý nghĩa, thiết thực đã thu hút hơn 1.000 CN đến dự. CN đã được thư giãn với chương trình game show “Alô âm nhạc”, các trò chơi vận động, trò chơi dân gian…', 8, 0x42c3aa6e2063e1baa16e6820c491c3b32c20e2809c506869c3aa6e206368e1bba320434ee2809d2076e1bb9b69203331206769616e2068c3a06e672062c3a0792062c3a16e2063c3a1632073e1baa36e207068e1baa96d20746869e1babf742079e1babf75206e68c6b0207175e1baa76e20c3a16f2c206769c3a0792064c3a9703b207468e1bbb163207068e1baa96de280a620c491c6b0e1bba3632062c3a16e2076e1bb9b69206769c3a1207468e1baa5702068c6a16e207468e1bb8b207472c6b0e1bb9d6e672074e1bbab203130252d35302520c491c3a320c491c3a17020e1bba96e67206e68752063e1baa775206d75612073e1baaf6d2063e1bba76120434e56432d4cc4902e0d0a4e676fc3a0692072612c204cc4904cc4902054502076c3a0205472c6b0e1bb9d6e67205472756e672063e1baa570204e6768e1bb81204be1bbb920746875e1baad74206e676869e1bb87702076e1bba52054c3b46e20c490e1bba963205468e1baaf6e672063c5a96e6720c491c3a32074e1bb95206368e1bba96320e2809c4e67c3a0792068e1bb9969207669e1bb8763206cc3a06de2809d20c491e1bb83206769e1bb9b6920746869e1bb8775207669e1bb8763206cc3a06d2063686f20434e206de1baa574207669e1bb87632e204e67c3a0792068e1bb996920c491c3a3207468752068c3ba7420313020c491c6a16e2076e1bb8b2c20444e2076e1bb9b69206e68752063e1baa77520747579e1bb836e2064e1bba56e67206b686fe1baa36e6720312e303030206c616f20c491e1bb996e672e20416e68204e67c3b4204b68c3a16e6820c490e1bb8b6e6820287175c3aa204e6768e1bb8720416e292c2076e1bbab61206e6768e1bb89207669e1bb87632074e1baa169206de1bb99742063c3b46e6720747920746875e1bb9163206cc3a120e1bb9f207175e1baad6e20372c2063686f206269e1babf743a20e2809c5175612062c3a16f206368c3ad2c206269e1babf7420c491c6b0e1bba3632063c3b3206e67c3a0792068e1bb9969207669e1bb8763206cc3a06d2068c3b46d206e6179206ec3aa6e2074c3b469207472616e68207468e1bba720c491e1babf6e2076e1bb9b69206d6f6e67206d75e1bb916e2074c3ac6d20c491c6b0e1bba363207669e1bb8763206cc3a06d206de1bb9b692e2054c3b4692072e1baa57420767569206b68692076e1bbab6120c491c6b0e1bba3632043c3b46e6720747920435020c490e1baa16920c490e1bb936e67205469e1babf6e207068e1bb8f6e672076e1baa56e2076c3a06f2076e1bb8b207472c3ad206e68c3a26e207669c3aa6e2062c3a16e2068c3a06e672c2068792076e1bb8d6e672074c3b4692073e1babd207472c3ba6e6720747579e1bb836ee2809d2e0d0a, '15/11/2022'),
(37, 'Sản phẩm của VIETCHEM-SAMYANG gây ấn tượng mạnh tại Vietwater 2022', '_mg_5656-1668147939-676-width1379height919.jpg', 'Để hỗ trợ doanh nghiệp ngành cấp thoát và xử lý nước thải Việt Nam tiếp cận với công nghệ cấp thoát nước tiên tiến cũng như đồng hành cùng doanh nghiệp tăng trưởng ổn định, Informa Markets tổ chức triển lãm và hội thảo quốc tế Vietwater 2022 từ ngày 9/11 ', 8, 0x43c5a96e672076e1bb9b69206d6f6e67206d75e1bb916e206d616e6720c491e1babf6e206e68e1bbaf6e67206769c3a1207472e1bb8b20746869e1babf74207468e1bbb1632063686f206e67c3a06e68206ec6b0e1bb9b63205669e1bb8774204e616d2c20564945544348454d206ce1baa76e20c491e1baa775207469c3aa6e2063c3b96e6720c491e1bb91692074c3a16320636869e1babf6e206cc6b0e1bba3632c2053616d79616e672048c3a06e205175e1bb91632c20c491656d20c491e1babf6e20747269e1bb836e206cc3a36d20566965747761746572206e68e1bbaf6e672063c3b46e67206e6768e1bb872078e1bbad206cc3bd206ec6b0e1bb9b63207469c3aa6e207469e1babf6e206e68e1baa5742063c3b32074c3ad6e6820e1bba96e672064e1bba56e672063616f2074726f6e672073e1baa36e207875e1baa574206ec6b0e1bb9b632074696e68206b6869e1babf74207068e1bba5632076e1bba52063c3a163206e67c3a06e682063c3b46e67206e676869e1bb8770206dc5a969206e68e1bb8d6e2063e1bba761205669e1bb8774204e616d2c20c491c3b3206cc3a02063c3b46e67206e6768e1bb87206ce1bb8d63206ec6b0e1bb9b632062e1bab16e672068e1baa174206e68e1bbb161205472696c697465207472616f20c491e1bb956920696f6e3b20c491c3b3206cc3a02063c3b46e67206e6768e1bb87207468e1baa96d2074c3a1636820c49169e1bb876e2028454449292073e1baa36e207875e1baa574206ec6b0e1bb9b63206b68e1bbad20696f6e207369c3aa752074696e68206b6869e1babf742e20c490c3a279206cc3a0206e68e1bbaf6e672063c3b46e67206e6768e1bb87207469c3aa6e207469e1babf6e2074c3a16368206c6fe1baa1692063c3a16320696f6e2074e1baa170206368e1baa574207261206b68e1bb8f69206e6775e1bb936e206ec6b0e1bb9b63206e68e1bab16d2073e1baa36e207875e1baa574207261206e6775e1bb936e206ec6b0e1bb9b632074696e68206b6869e1babf74207068e1bba5632076e1bba52063c3a163206e67c3a06e682063c3b46e67206e676869e1bb87703a206ec4836e67206cc6b0e1bba36e672c2064c6b0e1bba363206de1bbb9207068e1baa96d2c20c49169e1bb876e2074e1bbad20c491616e67207068c3a17420747269e1bb836e206de1baa16e68206de1babd2074e1baa169205669e1bb8774204e616d2e0d0ac3946e67204e677579e1bb856e205875c3a26e2048e1baa369202d2054e1bb956e67204769c3a16d20c491e1bb916320564945544348454d20636869612073e1babb3a20e2809c54726f6e672033206e67c3a079207468616d2067696120747269e1bb836e206cc3a36d20566965747761746572203230322c20564945544348454d206e68e1baad6e20c491c6b0e1bba3632073e1bbb1207175616e2074c3a26d2063e1bba7612068c3a06e67206e67c3a06e206b68c3a16368207468616d207175616e2c20c491c3a279206cc3a020c49169e1bb8175206dc3a02074e1baa5742063e1baa32063c3a16320646f616e68206e676869e1bb877020c491e1bb81752068c6b0e1bb9b6e672074e1bb9b692e205669657477617465722032303232206c61cc802063c6a12068c3b4cca3692063686f2063c3a16320646f616e68206e676869e1bb87702c2063c3a16320c491c6a16e2076e1bb8b2073e1bbad2064e1bba56e672c207472616f20c491e1bb95692c2068e1bb8d632068e1bb8f692063c3a163206b696e68206e676869e1bb876d207175c3bd2062c3a1752074e1bbab2062e1baa16e2062c3a8207175e1bb91632074e1babf2c20c491e1bb936e67207468e1bb9d69207469e1babf702063e1baad6e2063c3a163206769e1baa369207068c3a1702063c3b46e67206e6768e1bb87206de1bb9b692c207469c3aa6e207469e1babf6e206e68e1baa5742074726f6e672062e1bb91692063e1baa36e682063c3b46e67206375e1bb99632063c3b46e67206e676869e1bb87702068c3b36120c491616e67207068c3a17420747269e1bb836e206de1baa16e682074e1baa169205669e1bb8774204e616d2e20c490e1babf6e2076e1bb9b69205669657477617465722c20564945544348454d20c491c3a320636875e1baa96e2062e1bb8b206be1bbb9206cc6b0e1bba16e672063686f2073e1bbb1206b69e1bb876e20747269e1bb836e206cc3a36d206ce1baa76e206ec3a0792076e1bb9b692068792076e1bb8d6e67206e68e1bbaf6e672073e1baa36e207068e1baa96d206de1bb9b69206e68e1baa5742c2074e1bb9174206e68e1baa574206ec3a0792073e1babd20c491c3b36e672067c3b370207468c3aa6d206769c3a1207472e1bb8b206b696e682074e1babf2063686f204b68c3a163682068c3a06e672c206e68e1bbaf6e67206e68c3a02073e1baa36e207875e1baa5742c206e68e1bbaf6e67206e67c6b0e1bb9d69207469c3aa752064c3b96e67205669e1bb8774204e616d2ee2809d0d0a0d0a4cc3a020c491e1bb91692074c3a16320636869e1babf6e206cc6b0e1bba363206cc3a2752064c3a0692063e1bba76120564945544348454d2c20c491e1baa169206469e1bb876e206e68c3a02073e1baa36e207875e1baa5742053414d59414e472c20c3b46e672043686f20596f756e67646f206e68e1baad6e20c491e1bb8b6e683a20e2809c564945544348454d206cc3a020c491e1bb91692074c3a1632075792074c3ad6e2c2076e1bb9b6920c491e1bb9969206e67c5a9206e68c3a26e206ce1bbb1632063c3b32063687579c3aa6e206dc3b46e2063616f2c206368c3ba6e672074c3b4692c20566965746368656d2d53616d79616e672c20686fc3a06e20746fc3a06e2074696e2074c6b0e1bb9f6e672073e1babd20c491656d20c491e1babf6e2063686f204b68c3a163682068c3a06e67206e68e1bbaf6e67206769e1baa369207068c3a170207469e1babf74206b69e1bb876d2c206869e1bb8775207175e1baa32068c6a16e2074726f6e672073e1baa36e207875e1baa574206ec6b0e1bb9b632074696e68206b6869e1babf74e2809d2e0d0a0d0a54726f6e67206e67c3a07920c491e1baa775207469c3aa6e206469e1bb856e20726120747269e1bb836e206cc3a36d2c20564945544348454d20c491c3a3207469e1babf7020c491c3b36e2068c3a06e67206e67c3a06e206b68c3a163682068c3a06e6720c491e1babf6e207468616d207175616e2c207472e1baa369206e676869e1bb876d2073e1baa36e207068e1baa96d2e2052e1baa574206e6869e1bb8175206b68c3a163682068c3a06e6720c491c3a32062c3a0792074e1bb8f207175616e2074c3a26d2076c3a02064c3a06e68206e68e1bbaf6e67206ce1bb9d69206b68656e2076e1bb812074c3ad6e6820e1bba96e672064e1bba56e672063686f2063c3a1632073e1baa36e207068e1baa96d2074726f6e67206769616e2068c3a06e6720564945544348454d2e20c490e1bab763206269e1bb87742c206368c6b06120c491e1baa7792033206e67c3a07920564945544348454d20c491c3a32067e1bbad692074e1bab76e672068c6a16e20352e303030207068e1baa76e207175c3a020c491e1babf6e206b68c3a16368207468616d207175616e2e, '15/11/2022'),
(38, '', 'CÔNG TY TNHH CARGILL VIỆT NAM-01.png', '', 11, '', '15/11/2022'),
(39, '', 'CÔNG TY CP TƯ VẤN DỊCH VỤ ĐẦU TƯ (BECAMEX ISC)-01.png', '', 11, '', '15/11/2022'),
(40, '', 'CÔNG TY TNHH HYOSUNG VIỆT NAM-01.png', '', 11, '', '15/11/2022'),
(41, '', 'CÔNG TY TNHH INTEL PRODUCTS VIỆT NAM-01.png', '', 11, '', '15/11/2022'),
(43, 'Thành lập Hiệp hội Logistics Hà Nội', 'img9714-1655870551067285806196.jpg', 'Ngày 12/11, Hiệp hội Logistics Hà Nội ra mắt. Ông Trần Đức Nghĩa, Giám đốc Công ty cổ phần Quốc tế Delta được bầu làm Chủ tịch nhiệm kỳ 2022-2025.', 8, 0x42616e204368e1baa5702068c3a06e68204869e1bb87702068e1bb9969204c6f676973746963732048c3a0204ee1bb99692067e1bb936d203136207468c3a06e68207669c3aa6e2c2067e1bb936d204368e1bba72074e1bb8b6368205472e1baa76e20c490e1bba963204e6768c4a9612076c3a02034205068c3b3206368e1bba72074e1bb8b6368206cc3a020c3b46e672056c5a920447579204e677579c3aa6e20285068c3b3207472c6b0e1bb9f6e67204b686f6120546875e1babf2076c3a02048e1baa369207175616e2c2048e1bb8d63207669e1bb876e2054c3a069206368c3ad6e68292c20c3b46e67204e677579e1bb856e205875c3a26e2048c3b96e6720285068c3b32074e1bb956e67206769c3a16d20c491e1bb91632043c3b46e672074792043502056e1baad6e2074e1baa3692076c3a0205468c6b0c6a16e67206de1baa16920c490c6b0e1bb9d6e672073e1baaf74292c20c3b46e6720547269e1bb87752056c4836e2042e1bab16e6720285068c3b32074e1bb956e67206769c3a16d20c491e1bb91632043c3b46e6720747920435020c490e1baa7752074c6b0205468c6b0c6a16e67206de1baa1692076c3a02044e1bb8b63682076e1bba5205175e1bb91632074e1babf292076c3a02062c3a0205068e1baa16d205468e1bb8b204c616e2048c6b0c6a16e672c2054e1bb956e67206769c3a16d20c491e1bb91632043c3b46e672074792063e1bb95207068e1baa76e2056696e6166636f2e0d0a0d0a5068c3b3206368e1bba72074e1bb8b6368205068e1baa16d205468e1bb8b204c616e2048c6b0c6a16e67206b69c3aa6d2076e1bb8b207472c3ad2054e1bb956e67207468c6b0206bc3bd204869e1bb87702068e1bb99692e200d0a0d0a5068c3a174206269e1bb8375206e68e1baad6e206e6869e1bb876d2076e1bba520736175206b6869207261206de1baaf742c20c3b46e67205472e1baa76e20c490e1bba963204e6768c4a9612c2074c3a26e206368e1bba72074e1bb8b6368204869e1bb87702068e1bb9969204c6f676973746963732048c3a0204ee1bb99692028484e4c41292063616d206be1babf742078c3a2792064e1bbb16e672076c3a02063e1bba76e672063e1bb912073e1bbb12067e1baaf6e206be1babf74206769e1bbaf612063c3a1632068e1bb9969207669c3aa6e2c2068e1bb9969206e68e1baad702076e1bb9b6920686fe1baa17420c491e1bb996e67206c6f67697374696373207472c3aa6e20746fc3a06e207175e1bb91632076c3a0207175e1bb91632074e1babf20c491e1bb832063c3b96e67206e686175207068c3a17420747269e1bb836e20c491c3ba6e67206e68c6b020736c6f67616e2063e1bba76120c490e1baa1692068e1bb9969206e67c3a0792068c3b46d206e6179206cc3a020e2809c47e1baaf6e206be1babf74202d2048e1bb9969206e68e1baad70202d205068c3a17420747269e1bb836ee2809d2e0d0a0d0ae2809c56e1bb9b69207469e1bb816d206ec4836e672076c3a0206ce1bba369207468e1babf2063e1bba7612048c3a0204ee1bb99692c206368c3ba6e672074c3b4692074696e2074c6b0e1bb9f6e672072e1bab16e6720686fe1baa17420c491e1bb996e67206c6f676973746963732073e1babd2067c3b370207068e1baa76e207175616e207472e1bb8d6e672074726f6e672063c3b46e67206375e1bb99632078c3a2792064e1bbb16e67205468e1bba720c491c3b4206e67c3a079206de1bb9974206769c3a07520c491e1bab9702068c6a16e2e20c490c3a2792073e1babd206cc3a0206de1bba563207469c3aa75206dc3a02074e1baa5742063e1baa32068e1bb9969207669c3aa6e2076c3a02042616e206368e1baa5702068c3a06e68204869e1bb87702068e1bb9969204c6f676973746963732048c3a0204ee1bb9969206de1bb9b6920c491c6b0e1bba3632062e1baa775207261206e67c3a0792068c3b46d206e61792073e1babd206ee1bb97206ce1bbb163207068e1baa56e20c491e1baa575e2809d2c204368e1bba72074e1bb8b636820484e4c41205472e1baa76e20c490e1bba963204e6768c4a961206e68e1baa56e206de1baa16e682e0d0a0d0a5472c6b0e1bb9b6320c491c3b32c2063c3a16320646f616e68206e676869e1bb8770207468c3a06e68207669c3aa6e20c491c3a3206e68e1baaf6320c491e1babf6e207468e1bbb163207472e1baa16e6720636869207068c3ad206c6f676973746963732063616f2074726f6e672074e1bb956e672047445020c491616e67206cc3a06d2068e1baa16e206368e1babf2073e1bba9632063e1baa16e68207472616e682063e1bba761206ee1bb816e206b696e682074e1babf205669e1bb8774204e616d2e2054e1bbb7207472e1bb8d6e6720636869207068c3ad206c6f676973746963732063616f2063e1bba761205669e1bb8774204e616d2062e1baaf74206e6775e1bb936e2074e1bbab2063c6a12063e1baa575206ee1bb816e206b696e682074e1babf2063c5a96e67206e68c6b02063c3a163206cc3bd20646f20c491e1babf6e2074e1bbab206869e1bb8775207175e1baa3207468e1baa5702063e1bba76120686fe1baa17420c491e1bb996e67206c6f676973746963732074e1baa169205669e1bb8774204e616d2c20717579206dc3b420686fe1baa17420c491e1bb996e67206368c6b0612074e1bb916920c6b0752063e1bba76120646f616e68206e676869e1bb8770206c6f6769737469632e0d0a0d0a436869207068c3ad206c6f676973746963732063616f2074e1baa169205669e1bb8774204e616d2063c5a96e672063c3b3206e677579c3aa6e206e68c3a26e20c491e1babf6e2074e1bbab2071757920686fe1baa16368206c6f6769737469637320206368c6b06120c491c6b0e1bba363207175616e2074c3a26d20c491c3ba6e67206de1bba9632074726f6e67206e6869e1bb8175207468e1baad70206be1bbb7207175612076c3a02063e1baa3206e68e1bbaf6e67206e677579c3aa6e206e68c3a26e20c491e1babf6e2074e1bbab207468e1bb83206368e1babf206368c3ad6e682073c3a163682e, '15/11/2022');

-- --------------------------------------------------------

--
-- Table structure for table `tbl_formdn`
--

CREATE TABLE `tbl_formdn` (
  `id` int(11) NOT NULL,
  `iduser` int(255) NOT NULL,
  `tendv` varchar(255) NOT NULL,
  `diachi` varchar(255) NOT NULL,
  `tendk` varchar(255) NOT NULL,
  `sdt` varchar(255) NOT NULL,
  `gmail` varchar(255) NOT NULL,
  `ndtd` varchar(255) NOT NULL,
  `ngaydk` varchar(255) NOT NULL,
  `tenws` varchar(255) NOT NULL,
  `chiphi` varchar(255) NOT NULL DEFAULT '3 triệu đồng',
  `idtrangthai` int(11) NOT NULL DEFAULT 1,
  `idgianhang` int(11) NOT NULL
) ENGINE=InnoDB DEFAULT CHARSET=utf8mb4;

--
-- Dumping data for table `tbl_formdn`
--

INSERT INTO `tbl_formdn` (`id`, `iduser`, `tendv`, `diachi`, `tendk`, `sdt`, `gmail`, `ndtd`, `ngaydk`, `tenws`, `chiphi`, `idtrangthai`, `idgianhang`) VALUES
(56, 1, 'THU1234', 'Sóc Trăng', 'Lê Anh Thu', '6473829019387', 'thu@gmail.com', 'Kỹ sư CNTT :20 Người', '14/11/2022', 'THu.com', '3 triệu đồng', 4, 2),
(58, 2, 'CTY TNHH PHÂN BÓN', 'HẬU GIANG', 'LÊ THỊ BÍCH TRÂM', '0983774848', 'tramb@gmail.com', 'Kỹ sư cntt:20', '14/11/2022', 'TRAM.COM', '3 triệu đồng', 3, 4);

-- --------------------------------------------------------

--
-- Table structure for table `tbl_formuv`
--

CREATE TABLE `tbl_formuv` (
  `id` int(11) NOT NULL,
  `ten` varchar(200) NOT NULL,
  `email` varchar(255) NOT NULL,
  `sdt` varchar(255) NOT NULL,
  `vttd` varchar(11) NOT NULL,
  `ngaydk` varchar(255) NOT NULL,
  `iduser` int(11) NOT NULL,
  `idtrangthai` int(22) DEFAULT 1,
  `nhomnganh` varchar(255) NOT NULL,
  `idkhoa` int(11) NOT NULL
) ENGINE=InnoDB DEFAULT CHARSET=utf8mb4;

--
-- Dumping data for table `tbl_formuv`
--

INSERT INTO `tbl_formuv` (`id`, `ten`, `email`, `sdt`, `vttd`, `ngaydk`, `iduser`, `idtrangthai`, `nhomnganh`, `idkhoa`) VALUES
(166, 'Lê Thị Bích Trâm', 'tram@gmail.com', '0783937373', 'Nhân viên', '11/11/2022', 2, 1, 'CNTT', 1),
(176, 'Tram', 'thanh@gmail.com', '56789o0p2', 'Thuc tap', '15/11/2022', 1, 1, 'CNTT', 1),
(177, 'Le Anh Tuan', 'Tuan@gmail.com', '091763839', 'Thuc tap', '15/11/2022', 2, 2, 'CNTT', 2);

-- --------------------------------------------------------

--
-- Table structure for table `tbl_user`
--

CREATE TABLE `tbl_user` (
  `id` int(11) NOT NULL,
  `user` varchar(255) NOT NULL,
  `role` varchar(255) NOT NULL DEFAULT '0',
  `email` varchar(255) NOT NULL,
  `pass` varchar(255) NOT NULL
) ENGINE=InnoDB DEFAULT CHARSET=utf8mb4;

--
-- Dumping data for table `tbl_user`
--

INSERT INTO `tbl_user` (`id`, `user`, `role`, `email`, `pass`) VALUES
(1, 'tram', '0', 'tram@gmail.com', 'tram'),
(2, 'admin', '1', 'admin@gmail.com', 'admin'),
(11, 'rr', '0', 'tram@gmail.com', '0451dd9e0a14b6ace45c8558764f605f');

-- --------------------------------------------------------

--
-- Table structure for table `trangthai`
--

CREATE TABLE `trangthai` (
  `id` int(11) NOT NULL,
  `name` varchar(255) NOT NULL
) ENGINE=InnoDB DEFAULT CHARSET=utf8mb4;

--
-- Dumping data for table `trangthai`
--

INSERT INTO `trangthai` (`id`, `name`) VALUES
(1, 'Đang xử lý'),
(2, 'Đã đăng kí'),
(3, 'Chưa thanh toán'),
(4, 'Đã thanh toán');

--
-- Indexes for dumped tables
--

--
-- Indexes for table `danhmuc`
--
ALTER TABLE `danhmuc`
  ADD PRIMARY KEY (`id`);

--
-- Indexes for table `gianhang`
--
ALTER TABLE `gianhang`
  ADD PRIMARY KEY (`id`);

--
-- Indexes for table `khoa`
--
ALTER TABLE `khoa`
  ADD PRIMARY KEY (`id`);

--
-- Indexes for table `slideshow`
--
ALTER TABLE `slideshow`
  ADD PRIMARY KEY (`id`);

--
-- Indexes for table `tbl_baiviet`
--
ALTER TABLE `tbl_baiviet`
  ADD PRIMARY KEY (`id`),
  ADD KEY `lk_baiviet_danhmuc` (`iddm`);

--
-- Indexes for table `tbl_formdn`
--
ALTER TABLE `tbl_formdn`
  ADD PRIMARY KEY (`id`),
  ADD KEY `lk_user_form1` (`iduser`),
  ADD KEY `lk_tt` (`idtrangthai`),
  ADD KEY `idgianhang` (`idgianhang`);

--
-- Indexes for table `tbl_formuv`
--
ALTER TABLE `tbl_formuv`
  ADD PRIMARY KEY (`id`),
  ADD KEY `lk_user` (`iduser`),
  ADD KEY `idtrangthai` (`idtrangthai`),
  ADD KEY `idkhoa` (`idkhoa`);

--
-- Indexes for table `tbl_user`
--
ALTER TABLE `tbl_user`
  ADD PRIMARY KEY (`id`);

--
-- Indexes for table `trangthai`
--
ALTER TABLE `trangthai`
  ADD PRIMARY KEY (`id`);

--
-- AUTO_INCREMENT for dumped tables
--

--
-- AUTO_INCREMENT for table `danhmuc`
--
ALTER TABLE `danhmuc`
  MODIFY `id` int(11) NOT NULL AUTO_INCREMENT, AUTO_INCREMENT=12;

--
-- AUTO_INCREMENT for table `gianhang`
--
ALTER TABLE `gianhang`
  MODIFY `id` int(11) NOT NULL AUTO_INCREMENT, AUTO_INCREMENT=5;

--
-- AUTO_INCREMENT for table `khoa`
--
ALTER TABLE `khoa`
  MODIFY `id` int(11) NOT NULL AUTO_INCREMENT, AUTO_INCREMENT=3;

--
-- AUTO_INCREMENT for table `slideshow`
--
ALTER TABLE `slideshow`
  MODIFY `id` int(11) NOT NULL AUTO_INCREMENT, AUTO_INCREMENT=22;

--
-- AUTO_INCREMENT for table `tbl_baiviet`
--
ALTER TABLE `tbl_baiviet`
  MODIFY `id` int(11) NOT NULL AUTO_INCREMENT, AUTO_INCREMENT=44;

--
-- AUTO_INCREMENT for table `tbl_formdn`
--
ALTER TABLE `tbl_formdn`
  MODIFY `id` int(11) NOT NULL AUTO_INCREMENT, AUTO_INCREMENT=59;

--
-- AUTO_INCREMENT for table `tbl_formuv`
--
ALTER TABLE `tbl_formuv`
  MODIFY `id` int(11) NOT NULL AUTO_INCREMENT, AUTO_INCREMENT=178;

--
-- AUTO_INCREMENT for table `tbl_user`
--
ALTER TABLE `tbl_user`
  MODIFY `id` int(11) NOT NULL AUTO_INCREMENT, AUTO_INCREMENT=12;

--
-- AUTO_INCREMENT for table `trangthai`
--
ALTER TABLE `trangthai`
  MODIFY `id` int(11) NOT NULL AUTO_INCREMENT, AUTO_INCREMENT=6;

--
-- Constraints for dumped tables
--

--
-- Constraints for table `tbl_baiviet`
--
ALTER TABLE `tbl_baiviet`
  ADD CONSTRAINT `lk_baiviet_danhmuc` FOREIGN KEY (`iddm`) REFERENCES `danhmuc` (`id`);

--
-- Constraints for table `tbl_formdn`
--
ALTER TABLE `tbl_formdn`
  ADD CONSTRAINT `lk_tt` FOREIGN KEY (`idtrangthai`) REFERENCES `trangthai` (`id`),
  ADD CONSTRAINT `lk_user_form1` FOREIGN KEY (`iduser`) REFERENCES `tbl_user` (`id`),
  ADD CONSTRAINT `tbl_formdn_ibfk_1` FOREIGN KEY (`idgianhang`) REFERENCES `gianhang` (`id`);

--
-- Constraints for table `tbl_formuv`
--
ALTER TABLE `tbl_formuv`
  ADD CONSTRAINT `lk_user` FOREIGN KEY (`iduser`) REFERENCES `tbl_user` (`id`),
  ADD CONSTRAINT `tbl_formuv_ibfk_1` FOREIGN KEY (`idtrangthai`) REFERENCES `trangthai` (`id`),
  ADD CONSTRAINT `tbl_formuv_ibfk_2` FOREIGN KEY (`idkhoa`) REFERENCES `khoa` (`id`);
COMMIT;

/*!40101 SET CHARACTER_SET_CLIENT=@OLD_CHARACTER_SET_CLIENT */;
/*!40101 SET CHARACTER_SET_RESULTS=@OLD_CHARACTER_SET_RESULTS */;
/*!40101 SET COLLATION_CONNECTION=@OLD_COLLATION_CONNECTION */;
